movieId,imdbId,tmdbId
1,114709,862
2,113497,8844
3,113228,15602
4,114885,31357
5,113041,11862
6,113277,949
7,114319,11860
8,112302,45325
9,114576,9091
10,113189,710
11,112346,9087
12,112896,12110
13,112453,21032
14,113987,10858
15,112760,1408
16,112641,524
17,114388,4584
18,113101,5
19,112281,9273
20,113845,11517
21,113161,8012
22,112722,1710
23,112401,9691
24,114168,12665
25,113627,451
26,114057,16420
27,114011,9263
28,114117,17015
29,112682,902
31,112792,9909
32,114746,63
34,112431,9598
36,112818,687
39,112697,9603
41,114279,31174
42,112819,11443
43,114272,35196
44,113855,9312
45,114681,577
46,113347,11861
47,114369,807
48,114148,10530
50,114814,629
52,113819,11448
57,113321,9089
58,110877,11010
60,113419,11359
61,116260,17182
62,113862,2054
63,116126,10607
64,118002,19760
65,115683,9536
66,116839,11525
69,113118,10634
70,116367,755
71,113010,11859
72,113537,28387
73,113828,48750
74,115644,20927
75,115676,36929
76,114367,9102
79,116731,9623
81,114660,400
82,112379,880
85,112365,8447
86,118158,10534
87,116151,17414
88,115697,13997
89,113972,2086
92,117002,9095
93,114825,12158
94,115639,9283
95,115759,9208
97,113247,406
100,115907,11062
101,115734,13685
102,117102,47475
104,116483,9614
105,112579,688
107,117110,10874
110,112573,197
111,75314,103
112,113326,33542
122,103859,11066
125,116324,2074
126,110647,27793
132,113451,11863
135,116130,9101
140,118055,9302
141,115685,11000
144,112585,16388
145,112442,9737
147,112461,10474
150,112384,568
151,114287,11780
153,112462,414
154,61395,649
155,112495,1873
157,109370,1775
158,112642,8839
159,112688,20649
160,112715,10329
161,112740,8963
162,109508,26564
163,112851,8068
164,112857,8512
165,112864,1572
168,113071,6520
169,113114,9073
170,113243,10428
171,113464,17447
172,113481,9886
173,113492,9482
174,113500,19326
175,113540,9344
176,113677,9071
177,113690,8973
180,113749,2293
181,113820,9070
185,113957,1642
186,113986,11472
188,114194,11980
190,114323,32646
191,114345,10533
193,114436,10802
194,114478,10149
195,114496,18402
196,114508,9348
198,114558,281
203,114682,9090
204,114781,3512
205,114798,52856
207,114887,9560
208,114898,9804
213,111579,50797
215,112471,76
216,112508,11017
217,112438,37141
218,112571,9382
222,112679,22625
223,109445,2292
224,112883,1909
225,109635,8984
227,109676,4954
229,109579,10531
230,109642,11929
231,109686,8467
232,111797,10451
233,109759,20156
234,109758,18395
235,109707,522
236,113117,397
237,113097,10525
239,113198,15789
242,109771,10954
246,110057,14275
247,110005,1024
248,110066,17207
249,110116,13701
250,110006,14819
252,110099,11777
253,110148,628
255,110189,18713
256,110216,6280
257,113501,9061
258,113538,37108
259,113552,6071
260,76759,11
261,110367,9587
262,113670,19101
265,103994,18183
266,110322,4476
267,110443,11008
270,110391,43742
272,110428,11318
273,109836,3036
274,113755,40490
275,110538,24070
276,110516,8986
277,110527,10510
280,113870,8438
281,110684,11593
282,110638,1945
288,110632,241
289,110737,9058
290,110729,527
292,114069,6950
293,110413,101
296,110912,680
300,110932,11450
302,110963,10452
303,114214,12106
305,110907,3586
306,111495,110
307,108394,108
308,111507,109
312,114571,28033
314,111112,14334
315,111255,2636
316,111282,2164
317,111070,11395
318,111161,278
319,111149,9905
322,114594,20306
325,113936,27993
327,114614,9067
328,114608,9059
329,111280,193
330,114609,25066
332,114852,12122
333,114694,11381
334,111590,32636
337,108550,1587
338,114857,9271
339,114924,2064
340,111667,19855
342,110598,236
343,112435,48287
344,109040,3049
345,109045,2759
346,106339,12635
347,104779,10497
348,109348,11382
349,109444,9331
350,109446,10731
351,109484,10464
353,109506,9495
354,109450,29973
355,109813,888
356,109830,13
357,109831,712
358,113305,16295
360,110093,10879
361,110167,10660
362,110213,10714
364,110357,8587
366,111686,11596
367,110475,854
368,110478,9359
370,110622,36593
371,110771,12280
372,110950,2788
373,105226,10427
374,110989,11011
376,110997,8987
377,111257,1637
378,111256,15128
379,111438,8831
380,111503,36955
381,111693,10449
382,111742,10395
383,111756,12160
390,59170,315
393,111301,11667
405,110027,8011
407,113409,2654
410,106220,2758
412,106226,10436
413,109068,13595
414,109067,46094
415,106292,9409
416,109198,11853
417,109219,16771
419,106400,11041
420,109254,306
421,109279,14522
422,109297,26203
423,109303,178
426,106452,4722
427,106471,18215
428,106489,1607
429,109361,26391
431,106519,6075
432,109439,11310
433,109443,18658
434,106582,9350
435,106598,9612
436,109456,2124
437,109480,26261
438,109493,19176
440,106673,11566
441,106677,9571
442,106697,9739
444,106834,34444
445,106873,26141
446,106332,10997
448,106881,10443
450,111732,16297
453,106941,9024
454,106918,37233
455,106965,1634
457,106977,5503
458,107004,35588
459,109890,2087
464,107076,2019
466,107144,9255
468,112966,10612
469,107151,2259
471,110074,11934
472,110097,106143
473,110123,12475
474,107206,9386
475,107207,7984
477,108551,15765
480,107290,329
481,107302,10909
482,110265,507
485,107362,9593
489,107478,12121
490,107497,2246
491,107501,10502
492,107507,10440
493,107554,9516
494,116253,2320
497,107616,11971
500,107614,788
501,107653,21450
502,110657,11231
505,110687,31586
507,107808,9559
508,107818,9800
509,107822,713
514,110955,10872
515,107943,1245
516,110971,11858
517,107969,7007
519,107978,5550
520,107977,8005
522,105275,10412
524,108002,14534
527,108052,424
529,108065,14291
531,108071,11236
532,111127,11592
533,111143,8850
534,108101,10445
535,108122,695
537,111201,12519
538,108149,23210
539,108160,858
540,108162,867
541,83658,78
542,108186,13203
543,108174,10442
544,108238,11074
546,108255,9607
548,111400,9057
550,111418,10635
551,107688,9479
552,108333,10057
553,108358,11969
555,108399,319
556,108515,26408
558,110763,15139
562,114906,11446
569,110363,31504
575,110366,10897
580,110892,37345
585,112572,9066
586,99785,771
587,99653,251
588,103639,812
589,103064,280
590,99348,581
592,96895,268
593,102926,274
594,29583,408
595,101414,10020
596,32910,10895
597,100405,114
599,65214,576
605,117247,7300
608,116282,275
609,116552,25059
610,82509,11827
611,116514,8766
612,117283,23570
613,116684,47333
616,65421,10112
627,113613,12520
628,117381,1592
631,115509,19042
637,117608,9099
640,116095,10988
647,115956,10684
648,117060,954
653,116136,8840
656,116168,11107
661,116683,10539
662,116287,10543
663,116768,18414
667,112536,25087
671,117128,3065
673,117705,2300
674,62711,8069
678,108181,27768
688,114048,27281
694,117774,20762
697,116289,12656
700,112368,25969
704,117420,9103
707,117107,10990
708,117979,8866
709,95776,12233
710,115851,23449
711,116322,36355
714,112817,922
719,117108,9304
720,118114,503475
724,115963,9100
725,116448,20759
728,112701,32513
733,117500,9802
735,109592,21588
736,117998,664
737,115624,11867
741,113568,9323
742,117894,10280
743,117723,10535
745,112691,532
748,115571,10547
750,57012,935
761,117331,9826
762,117765,9879
765,116669,7095
778,117951,627
780,116629,602
781,117737,14553
782,116277,9566
783,116583,10545
784,115798,9894
785,116778,11543
786,116213,9268
788,117218,9327
798,116040,11228
799,116365,10779
800,116905,26748
801,116493,38223
802,117333,9294
804,117628,11363
805,117913,1645
809,116320,18550
810,116756,11511
813,116823,34170
818,118073,12606
828,115472,18975
829,116707,11962
830,116313,2925
832,117438,3595
833,116531,9308
836,115857,12123
837,117008,10830
838,116191,3573
839,115986,10546
842,117826,9431
848,117718,47907
849,116225,10061
851,115632,549
852,117918,10478
858,68646,238
861,104558,11134
866,115736,9303
880,116654,9306
881,116311,12559
886,115783,10723
891,113253,10987
892,117991,44705
898,32904,981
899,45152,872
900,43278,2769
901,50419,13320
902,54698,164
903,52357,426
904,47396,567
905,25316,3078
906,36855,13528
908,53125,213
909,53604,284
910,53291,239
911,56923,4808
912,34583,289
913,33870,963
914,58385,11113
915,47437,6620
916,46250,804
918,37059,909
919,32138,630
920,31381,770
921,84370,31044
922,43014,599
923,33467,15
924,62622,62
926,42192,705
928,32976,223
930,38787,303
931,38109,4174
932,50105,8356
933,48728,381
934,42451,20758
936,31725,1859
938,51658,17281
940,29843,10907
942,37008,1939
943,39420,22292
945,27125,3080
948,49261,1712
949,48028,220
950,25878,3529
951,32599,3085
952,48960,2897
953,38650,1585
954,31679,3083
955,29947,900
965,26029,260
968,63350,10331
969,43265,488
971,51459,261
973,33891,32574
986,116329,11076
990,117011,10861
991,117039,1770
994,115678,18203
996,116830,9333
999,115438,9401
1004,116421,9625
1005,116000,10680
1006,115862,6346
1007,72653,18660
1009,72951,14821
1010,64603,14136
1011,71607,10869
1012,50798,22660
1013,55277,19186
1014,54195,31102
1015,107131,6878
1016,53271,15944
1017,54357,18444
1018,59793,20723
1019,46672,173
1020,106611,864
1021,109127,24795
1022,42332,11224
1023,63819,81310
1024,38166,15947
1025,57546,9078
1027,102798,8367
1028,58331,433
1029,33563,11360
1030,76538,11114
1031,66817,12335
1032,43274,12092
1033,82406,10948
1034,116361,11229
1035,59742,15121
1036,95016,562
1037,104692,10163
1041,117589,11159
1042,117887,9591
1043,117924,30500
1047,116908,11412
1049,116409,10586
1050,116913,42314
1056,116722,25147
1057,116242,9716
1059,117509,454
1060,117802,10218
1061,117665,819
1064,115491,11238
1073,67992,252
1077,70707,11561
1078,66808,11302
1079,95159,623
1080,79470,583
1081,84865,12614
1082,68334,21711
1083,59243,11575
1084,61418,475
1086,46912,521
1088,92890,88
1089,105236,500
1090,91763,792
1091,98627,8491
1092,103772,402
1093,101761,10537
1094,104036,11386
1095,104348,9504
1096,84707,15764
1097,83866,601
1100,99371,2119
1101,92099,744
1103,48545,221
1104,44081,702
1120,117318,1630
1124,82846,11816
1125,72081,11843
1126,101775,10379
1127,96754,2756
1128,80749,790
1129,82340,1103
1130,82533,11298
1131,91288,4480
1132,91480,4481
1135,81375,10765
1136,71853,762
1147,118147,10548
1148,108598,531
1171,103850,10608
1172,95765,11216
1173,97108,7452
1175,101700,892
1177,101811,26561
1178,50825,975
1179,99703,18129
1183,116209,409
1184,102426,38251
1185,97937,10161
1186,98724,1412
1187,105107,41768
1188,105488,10409
1189,96257,14285
1190,101026,2469
1191,102370,10174
1192,100332,31225
1193,73486,510
1194,78446,11455
1196,80684,1891
1197,93779,2493
1198,82971,85
1199,88846,68
1200,90605,679
1201,60196,429
1202,94336,13446
1203,50083,389
1204,56172,947
1206,66921,185
1207,56592,595
1208,78788,28
1209,64116,335
1210,86190,1892
1211,93191,144
1212,41959,1092
1213,99685,769
1214,78748,348
1215,106308,766
1216,95250,175
1217,89881,11645
1218,97202,10835
1219,54215,539
1220,80455,525
1221,71562,240
1222,93058,600
1223,104361,530
1224,97499,10705
1225,86879,279
1226,45061,3109
1227,87843,311
1228,81398,1578
1230,75686,703
1231,86197,9549
1232,79944,1398
1233,82096,387
1234,70735,9277
1235,67185,343
1237,50976,490
1238,85859,11235
1240,88247,218
1241,103873,763
1242,97441,9665
1243,100519,18971
1244,79522,696
1245,100150,379
1246,97165,207
1247,61722,37247
1248,52311,1480
1249,100263,9322
1250,50212,826
1251,56801,422
1252,71315,829
1253,43456,828
1254,40897,3090
1255,92610,9964
1256,23969,3063
1257,88794,13667
1258,81505,694
1259,92005,235
1260,22100,832
1261,92991,765
1262,57115,5925
1263,77416,11778
1264,82269,4485
1265,107048,137
1266,105695,33
1267,56218,982
1268,100436,8428
1269,36613,212
1270,88763,105
1271,101921,1633
1272,66206,11202
1273,90967,1554
1274,94625,149
1275,91203,8009
1276,61512,903
1277,99334,11673
1278,72431,3034
1279,102536,339
1280,101640,10404
1281,32553,914
1282,32455,756
1283,44706,288
1284,38355,910
1285,97493,2640
1286,81534,16633
1287,52618,665
1288,88258,11031
1289,85809,11314
1290,94006,15143
1291,97576,89
1292,78841,10322
1293,83987,783
1295,96332,10644
1296,91867,11257
1297,89886,14370
1298,84503,12104
1299,87553,625
1300,89606,8816
1301,49223,830
1302,97351,2323
1303,73341,983
1304,64115,642
1306,101458,10341
1307,98635,639
1320,103644,8077
1321,82010,814
1327,78767,11449
1333,56869,571
1334,51418,8851
1339,103874,6114
1342,103919,9529
1343,101540,1598
1344,55824,11349
1345,74285,7340
1346,83722,6217
1347,87800,377
1348,13442,653
1350,75005,794
1354,115751,145
1356,117731,199
1357,117631,7863
1358,117666,12498
1359,116705,9279
1361,117293,17204
1363,117372,21539
1365,117477,12709
1366,115988,20539
1367,115433,11674
1370,99423,1573
1371,79945,152
1372,102975,174
1373,98382,172
1374,84726,154
1375,88170,157
1376,92007,168
1377,103776,364
1378,96487,11967
1379,100994,9086
1380,77631,621
1381,84021,9037
1385,105690,8845
1387,73195,578
1388,77766,579
1389,85750,17692
1390,117119,17795
1391,116996,75
1393,116695,9390
1394,93822,378
1395,94155,10896
1396,105435,2322
1399,116999,9819
1405,115641,3179
1407,117571,4232
1408,104691,9361
1409,117038,2928
1411,116477,10549
1414,117091,27265
1416,116250,8818
1425,119115,12145
1429,116704,9404
1431,118708,9622
1432,119664,8860
1438,118928,9619
1441,106387,4104
1442,119937,26306
1445,119640,14908
1446,116790,784
1449,118111,16448
1454,120238,28059
1457,119141,1968
1459,118548,66
1461,120434,11419
1464,116922,638
1466,119008,9366
1468,118750,21915
1474,119432,9446
1476,119951,9403
1479,120053,10003
1480,120152,9311
1483,115964,884
1485,119528,1624
1487,120094,16052
1488,118972,4477
1498,119381,12723
1499,118615,9360
1500,119229,9434
1513,120032,9611
1515,120461,10357
1517,118655,816
1518,118771,2163
1527,119116,18
1537,117615,11239
1541,118556,2058
1542,115744,9450
1544,119567,330
1552,118880,1701
1554,114134,26422
1556,120179,1639
1562,118688,415
1566,119282,11970
1569,119738,8874
1573,119094,754
1580,119654,607
1582,120512,38225
1584,118884,686
1586,119173,4421
1587,82198,9387
1588,119190,10603
1589,118887,2142
1590,119081,8413
1591,120177,10336
1593,119896,9413
1594,119361,14585
1597,118883,8834
1603,119675,4961
1608,118571,9772
1610,99810,1669
1611,102494,468
1614,119360,10806
1615,119051,9433
1616,119874,6623
1617,119488,2118
1619,120102,978
1620,119468,9437
1625,119174,2649
1627,120399,10155
1633,120402,55306
1635,119349,68924
1639,118842,2255
1641,119164,9427
1643,119280,17589
1644,119345,3597
1645,118971,1813
1646,120029,36797
1653,119177,782
1658,119535,8067
1663,83131,10890
1665,118689,1281
1667,119592,9770
1672,119978,11975
1673,118749,4995
1674,90329,9281
1676,120201,563
1678,107282,19931
1680,120148,10215
1681,119707,9823
1682,120382,37165
1683,120520,45609
1687,119395,4824
1688,118617,9444
1689,120483,9414
1690,118583,8078
1693,118607,11831
1694,118632,2895
1701,118954,2639
1702,119137,9574
1703,119142,10371
1704,119217,489
1707,119303,9714
1711,119668,8197
1713,119715,6283
1717,120082,4233
1719,120255,10217
1721,120338,597
1722,120347,714
1726,119925,9922
1729,119396,184
1732,118715,115
1734,119590,27103
1735,119223,9410
1747,120885,586
1748,118929,2666
1753,120693,9490
1754,119099,9411
1755,120122,25719
1760,120185,6116
1762,118956,9457
1769,120008,11702
1772,118747,11568
1777,120888,11003
1779,120184,10153
1783,120782,30949
1784,119822,2898
1785,99939,9558
1792,120873,11808
1797,120661,21736
1799,120241,10668
1801,120744,9313
1805,120890,617
1806,125454,36568
1809,119250,5910
1810,119942,9440
1821,120772,17127
1831,120738,2157
1833,120749,8838
1834,120176,29193
1835,120632,795
1840,124718,9469
1845,120906,16148
1848,118755,9449
1855,120725,31220
1858,117786,10622
1862,120841,10216
1863,120742,9771
1866,120609,9448
1873,119683,4415
1875,118866,55561
1876,120647,8656
1882,120685,929
1883,118798,9452
1884,120669,1878
1885,120777,9844
1889,119375,26610
1892,120787,1965
1894,120828,6068
1895,127723,15037
1907,120762,10674
1909,120902,846
1911,118998,3050
1912,120780,1389
1914,120321,20862
1916,118789,9464
1917,120591,95
1918,122151,944
1919,123987,35680
1920,122718,11551
1921,138704,473
1923,129387,544
1924,52077,10513
1927,20629,143
1931,26752,12311
1939,36868,887
1944,45793,11426
1945,47296,654
1947,55614,1725
1948,57590,5769
1949,60665,874
1950,61811,10633
1951,63385,17917
1952,64665,3116
1953,67116,1051
1954,75148,1366
1955,79417,12102
1956,81283,16619
1957,82158,9443
1958,86425,11050
1959,89755,606
1960,93389,746
1961,95953,380
1962,97239,403
1963,65063,11485
1964,67309,466
1965,87995,13820
1966,100142,15389
1967,91369,13597
1968,88847,2108
1969,89686,10014
1970,93629,10072
1971,95742,10131
1972,97981,10160
1973,101917,11284
1974,80761,4488
1975,82418,9725
1976,83972,9728
1977,87298,9730
1982,77651,948
1983,82495,11281
1991,94862,10585
1993,103956,11187
1994,84516,609
1995,91778,11133
1997,70047,9552
2000,93409,941
2001,97733,942
2002,104714,943
2003,87363,927
2004,99700,928
2005,89218,9340
2006,120746,9342
2009,70723,12101
2010,17136,19
2011,96874,165
2012,99088,196
2013,69113,551
2014,76054,16084
2015,54594,17984
2017,54649,32611
2018,34492,3170
2019,47478,346
2020,94947,859
2021,87182,841
2022,95497,11051
2023,99674,242
2025,119558,9769
2027,120741,9835
2028,120815,857
2033,88814,10957
2034,78869,9570
2036,109287,13962
2040,65566,29228
2042,109520,11164
2046,91059,10122
2048,91149,9994
2052,107120,10439
2053,104437,11158
2054,97523,9354
2058,120768,9631
2059,120783,9820
2060,131857,14013
2064,98213,1779
2065,89853,10849
2067,59113,907
2070,86423,42121
2072,96734,11974
2073,89126,20348
2076,90756,793
2077,89385,35144
2078,61852,9325
2080,48280,10340
2081,97757,10144
2082,104868,10414
2083,104940,10437
2084,104990,15300
2085,55254,12230
2087,46183,10693
2088,81353,11335
2089,100477,11135
2090,76618,11319
2092,107952,15969
2093,89908,13155
2094,102803,10249
2096,53285,10882
2097,86336,24808
2099,38969,13850
2100,88161,2619
2105,84827,97
2106,108265,10419
2108,102250,2107
2109,79367,6471
2110,83798,9442
2111,85894,11591
2112,101969,13697
2114,86066,227
2115,87469,87
2116,77869,123
2117,87803,9314
2118,85407,11336
2121,85382,10489
2122,87050,10823
2123,96787,11497
2124,101272,2907
2125,120631,9454
2126,120832,8688
2130,80388,23954
2132,61184,396
2133,92513,14367
2134,90305,11814
2135,61584,16081
2136,57372,18331
2137,70016,15171
2138,78480,11837
2139,84649,11704
2140,83791,11639
2141,90633,4978
2142,101329,10380
2143,89469,11976
2144,88128,15144
2145,91790,11522
2146,90060,11557
2148,91223,11415
2150,80801,8393
2151,97443,11937
2153,118661,9320
2155,120831,14662
2159,99763,10692
2160,63522,805
2161,88323,34584
2162,100240,34636
2163,80391,2182
2167,120611,36647
2169,118301,14557
2170,120901,9417
2171,119778,41469
2174,94721,4011
2176,40746,1580
2183,49470,574
2184,48750,11219
2186,44079,845
2188,120577,3682
2193,96446,847
2194,94226,117
2195,120654,14577
2202,37017,13321
2203,36342,21734
2206,34248,11462
2208,30341,940
2231,128442,10220
2232,123755,431
2236,124879,22796
2239,73817,37916
2240,81207,21873
2243,92699,12626
2245,96463,3525
2247,95593,2321
2248,98258,2028
2249,100212,16384
2252,104412,10699
2253,105629,11597
2259,86973,14347
2261,91680,18282
2262,90583,18169
2263,96073,11082
2266,101523,20096
2268,104257,881
2269,107211,4478
2273,120812,2109
2275,118736,24746
2278,122690,8195
2279,146336,9877
2282,126604,11855
2287,47573,11071
2288,84787,1091
2289,105151,10403
2290,81554,11337
2291,99487,162
2294,120587,8916
2296,120770,9429
2297,120889,12159
2300,63462,30197
2301,82517,10156
2302,104952,10377
2303,73440,3121
2306,120701,9713
2311,86837,4437
2312,90830,1890
2313,80678,1955
2315,144120,11932
2316,120791,6435
2318,147612,10683
2320,118636,9445
2321,120789,2657
2322,120157,9425
2324,118799,637
2325,124819,8675
2328,120877,9945
2329,120586,73
2334,133952,9882
2335,120484,10663
2336,127536,4518
2338,130018,3600
2340,119643,297
2344,89941,11893
2346,73747,12223
2348,91954,14924
2349,91538,10002
2351,50783,19426
2352,85244,12560
2353,120660,9798
2354,134067,14444
2355,120623,9487
2356,120533,9466
2357,140888,666
2359,166396,10162
2360,154420,309
2361,69089,692
2366,24216,244
2367,74751,10730
2369,89017,8130
2371,89155,9749
2372,97366,14628
2373,89893,9626
2374,91159,13698
2375,91541,10466
2376,90264,707
2377,89489,11954
2378,87928,9336
2379,89822,10157
2380,91777,12118
2381,93756,10587
2382,95882,11825
2384,120595,9447
2387,124198,10029
2389,155975,11252
2390,147004,8545
2391,120324,10223
2392,141109,9745
2393,120844,200
2394,120794,9837
2395,128445,11545
2396,138097,1934
2398,39628,11881
2401,89767,8879
2402,89880,1369
2403,83944,1368
2404,95956,1370
2405,89370,10303
2406,88011,9326
2407,88933,10328
2408,94890,11285
2409,79817,1367
2410,84602,1371
2411,89927,1374
2412,100507,1375
2413,88930,15196
2414,90357,11904
2416,90685,15596
2418,91653,29968
2420,87538,1885
2421,91326,8856
2422,97647,10495
2423,97958,5825
2424,128853,9489
2427,120863,8741
2428,133751,9276
2429,120751,9822
2430,41650,39314
2431,129290,10312
2432,120686,9441
2433,120633,9422
2436,120857,10368
2443,145734,825
2445,132512,15556
2447,139699,14709
2450,91225,10658
2454,51622,11815
2455,91064,9426
2456,97368,10344
2457,91875,15698
2458,90660,2620
2459,72271,30497
2463,91877,12151
2467,91605,192
2468,91306,10945
2469,91738,10013
2470,90555,9671
2471,92493,9396
2473,91991,12278
2474,90863,11873
2476,91187,10015
2478,92086,8388
2485,160862,10314
2490,120784,2112
2491,145893,16172
2492,138987,111794
2496,124298,11622
2497,139462,10207
2498,120764,9849
2500,155776,18892
2501,132477,13466
2502,151804,1542
2504,137338,15256
2505,134273,8224
2506,123209,18417
2513,98084,8913
2517,85333,8769
2518,84412,14742
2524,72308,5919
2527,70909,2362
2528,74812,10803
2529,63442,871
2530,65462,1685
2531,69768,1705
2532,68408,1688
2533,67065,1687
2539,122933,9535
2541,139134,796
2542,120735,100
2548,144814,7341
2549,131646,10350
2550,57129,11772
2551,94964,9540
2553,54443,11773
2558,141098,1641
2560,129332,10212
2565,49408,16520
2567,131369,11374
2568,120757,16379
2570,120613,28029
2571,133093,603
2572,147800,4951
2574,129280,8970
2579,154506,11660
2580,139239,9430
2581,151738,11355
2583,126250,9465
2594,125659,1902
2596,133189,6396
2598,120797,12596
2599,126886,9451
2600,120907,1946
2605,137494,1844
2606,138510,6552
2613,87799,18462
2616,99422,8592
2617,120616,564
2618,118826,13852
2622,140379,10210
2628,120915,1893
2640,78346,1924
2641,81573,8536
2642,86393,9531
2643,94074,11411
2644,21814,138
2648,21884,3035
2654,34398,13666
2657,73629,36685
2662,46534,8974
2664,49366,11549
2668,84745,17918
2670,52151,18784
2671,125439,509
2672,139809,1090
2676,128278,12117
2683,145660,817
2686,120802,14283
2687,120855,37135
2688,144214,2275
2690,122541,24137
2692,130827,104
2694,142342,9032
2699,99052,6488
2700,158983,9473
2701,120891,8487
2702,162677,10279
2706,163651,2105
2707,137363,1073
2709,158811,10208
2710,185937,2667
2712,120663,345
2713,139414,9825
2716,87332,620
2717,97428,2978
2718,157503,10490
2719,171363,11618
2720,141369,332
2722,149261,8914
2723,132347,9824
2724,163187,4806
2726,49406,247
2728,54331,967
2729,56193,802
2730,72684,3175
2731,53198,147
2732,55032,1628
2734,91557,11120
2735,91129,10136
2736,90774,32060
2739,88939,873
2745,91530,11416
2746,91419,10776
2747,54033,24452
2748,92534,9710
2750,93818,30890
2752,93690,20242
2759,144168,16406
2761,129167,10386
2762,167404,745
2763,155267,913
2764,63688,912
2769,138946,19457
2770,131325,11353
2772,165710,9781
2779,77663,12185
2787,88889,10552
2788,66765,9267
2791,80339,813
2792,83530,2665
2793,118604,9406
2794,89670,11418
2795,85995,11153
2796,95188,14170
2797,94737,2280
2798,100419,11077
2799,102719,28597
2802,96244,10396
2803,107798,9944
2804,85334,850
2805,130121,10154
2806,133046,10342
2808,105698,9349
2810,156887,10494
2815,91278,11037
2819,73802,11963
2822,104839,9096
2826,120657,1911
2827,138304,2900
2829,164108,37718
2840,145531,10307
2841,164181,11601
2843,118843,1075
2846,97050,47951
2857,63823,12105
2858,169547,14
2859,88178,24128
2860,181316,11001
2861,126916,10390
2863,58182,704
2866,77280,24153
2867,89175,11797
2870,61385,17887
2871,68473,10669
2872,82348,11527
2875,108185,1049
2877,73812,11326
2879,99558,10975
2880,91431,10974
2881,150377,10398
2883,140397,24071
2888,164114,14429
2889,134618,15198
2890,120188,6415
2901,79714,9638
2906,156934,12618
2907,167427,13824
2908,171804,226
2912,165854,10388
2915,86200,9346
2916,100802,861
2917,82089,14412
2918,91042,9377
2919,86617,11541
2921,68699,11901
2922,61747,4929
2924,80179,11230
2925,65571,8416
2926,95270,11054
2935,33804,3086
2936,34240,16305
2937,35169,32255
2940,38559,3767
2941,52225,17352
2942,85549,535
2944,61578,1654
2946,59260,14831
2947,58150,658
2948,57076,657
2949,55928,646
2950,80453,5689
2951,58461,391
2952,119256,8052
2953,104431,772
2956,94008,31650
2959,137523,550
2961,160916,12220
2966,166896,404
2968,81633,36819
2971,78754,16858
2973,97123,11562
2976,163988,8649
2985,93870,5548
2986,100502,5549
2987,96438,856
2989,82398,699
2990,97742,709
2991,70328,253
2993,59800,660
2995,185371,11377
2997,120601,492
3000,119698,128
3004,120596,2020
3005,145681,9481
3006,140352,9008
3007,181288,14242
3016,83767,16281
3018,89885,1694
3019,97240,476
3020,106856,37094
3022,17925,961
3024,78087,24831
3029,82817,21610
3030,55630,11878
3032,67525,11234
3033,94012,957
3034,70608,11886
3035,48380,37853
3036,82484,62204
3037,65988,11040
3038,50371,21849
3039,86465,1621
3040,79540,14035
3041,87700,40771
3044,101669,11498
3045,105130,11790
3052,120655,1832
3053,151137,10047
3054,190641,10228
3060,101605,11663
3061,34862,13485
3062,56197,9289
3063,105156,9264
3066,66473,11165
3067,95675,4203
3068,84855,24226
3070,86856,11379
3071,94027,29154
3072,93565,2039
3079,178737,10399
3081,162661,2668
3082,143145,36643
3083,185125,99
3087,96061,9647
3088,42546,11787
3089,40522,5156
3090,93509,24276
3095,32551,596
3098,87781,11393
3099,73692,31121
3100,105265,293
3101,93010,10998
3102,89360,12235
3104,95631,9013
3105,99077,11005
3107,101393,2924
3108,101889,177
3113,146675,9946
3114,120363,863
3115,155711,31582
3130,99165,9586
3134,28950,777
3146,205000,10402
3147,120689,497
3148,124315,1715
3152,67328,25188
3153,51337,15515
3155,166485,1439
3156,182789,2277
3157,164912,10137
3159,120910,49948
3160,175880,334
3168,64276,624
3169,87231,26578
3173,146838,9563
3174,125664,1850
3175,177789,926
3176,134119,1213
3177,195945,10471
3178,174856,10400
3181,120866,12524
3182,192335,28216
3186,172493,3558
3189,156812,17908
3196,46359,632
3197,95897,11851
3198,70511,5924
3200,70290,14886
3201,65724,26617
3203,97162,10493
3204,77269,16241
3208,107659,9644
3210,83929,13342
3213,106364,14919
3219,100318,2990
3221,83851,10831
3238,120662,18681
3243,104187,10406
3244,76095,14741
3246,104797,1883
3247,105417,2005
3248,108147,6279
3249,104389,11087
3250,106246,7305
3251,88683,24735
3252,105323,9475
3253,105793,8872
3254,108525,8873
3255,104694,11287
3256,105112,9869
3257,103855,619
3258,104070,9374
3259,104231,11259
3260,104454,8293
3261,105415,11068
3262,105665,1923
3263,105812,10158
3264,103893,10206
3265,104684,11782
3266,103905,10086
3267,104815,9367
3268,105477,9876
3269,104291,10326
3270,104040,16562
3271,105046,9609
3272,103759,12143
3273,134084,4234
3274,105414,9605
3275,144117,8374
3285,163978,1907
3286,184907,15489
3296,62376,25934
3298,181984,14181
3300,134847,2787
3301,190138,2069
3307,21749,901
3308,87265,25010
3310,12349,10098
3316,184858,2155
3317,185014,11004
3327,218043,14271
3328,165798,4816
3334,40506,11016
3341,42276,24481
3342,86969,11296
3347,86005,14280
3354,183523,2067
3355,142688,622
3358,101698,12186
3359,78902,20283
3360,91217,5693
3361,94812,287
3362,72890,968
3363,69704,838
3365,49730,3114
3385,90274,19259
3386,102138,820
3387,98645,11718
3388,93148,8989
3392,98309,11157
3394,92666,918
3396,79588,11176
3397,82474,14900
3398,87755,11899
3401,88760,19736
3404,46435,16535
3408,195685,462
3409,195714,9532
3412,95800,2383
3418,103074,1541
3421,77975,8469
3422,91939,27995
3424,97216,925
3425,100168,41823
3426,102175,1713
3429,99317,54825
3435,36775,996
3438,100758,1498
3439,103060,1497
3440,108308,1499
3441,87985,1880
3444,92675,11690
3448,93105,801
3450,107050,11520
3451,61735,1879
3452,165929,2085
3461,57261,9960
3462,27977,3082
3466,107091,12187
3468,54997,990
3469,53946,1908
3470,71411,9764
3471,75860,840
3476,99871,2291
3477,112950,13531
3478,93378,16620
3479,89457,526
3481,146882,243
3483,138749,10501
3484,192614,11478
3489,102057,879
3494,65126,17529
3498,77928,11327
3499,100157,1700
3501,89643,34322
3503,69293,593
3504,74958,10774
3505,93640,10083
3506,79640,29786
3507,63374,11356
3508,75029,10747
3510,186151,10559
3511,217756,20697
3512,122459,2621
3513,160797,10479
3515,183503,49721
3519,77572,17339
3521,97940,11305
3524,82031,13665
3525,86927,12309
3526,98067,1552
3527,93773,106
3528,102713,10333
3529,82934,11027
3534,191754,10468
3535,144084,1359
3536,171433,4967
3538,166175,10557
3543,83833,13776
3545,68327,10784
3548,51383,16347
3549,48140,4825
3550,85701,11654
3551,74860,10518
3552,80487,11977
3553,176783,18041
3555,141926,3536
3556,159097,1443
3557,104549,10424
3564,158622,889
3565,198021,10564
3566,189584,15723
3578,172495,98
3591,85970,13105
3593,185183,5491
3594,210616,10560
3599,37514,17889
3608,89791,5683
3614,104438,12518
3615,130623,10567
3616,217630,10642
3617,215129,9285
3618,196216,10569
3623,120755,955
3624,184894,8584
3629,15864,962
3632,39631,30588
3633,64757,668
3635,76752,691
3638,79574,698
3639,71807,682
3646,208003,9600
3649,80365,2768
3654,54953,10911
3668,63518,6003
3671,71230,11072
3672,71206,23069
3675,47673,13368
3676,74486,985
3681,59578,938
3682,70355,10648
3683,86979,11368
3684,97322,10875
3685,89841,2075
3686,99582,1551
3688,84522,10246
3690,89826,23919
3693,90190,15239
3697,100403,169
3698,93894,865
3699,88172,9663
3701,94631,10128
3702,79501,9659
3703,82694,8810
3704,89530,9355
3705,99141,1727
3706,92563,635
3707,91635,10068
3708,87262,11495
3717,187078,9679
3723,99726,10264
3724,77362,31657
3726,74156,17814
3727,93605,11879
3730,71360,592
3735,70666,9040
3740,90728,6978
3741,69762,3133
3742,15648,643
3744,162650,479
3745,120913,7450
3751,120630,7443
3752,183505,2123
3753,187393,2024
3754,131704,17711
3755,177971,2133
3763,89118,9873
3764,101846,16820
3766,87727,15379
3770,87175,24099
3783,159382,12706
3784,219854,4244
3785,175142,4247
3788,60176,1052
3791,87277,1788
3793,120903,36657
3798,161081,2655
3799,210234,12599
3809,103241,10276
3811,80310,13783
3812,68555,11624
3814,73312,11686
3821,144528,12107
3824,174480,10641
3825,200550,6282
3826,164052,9383
3827,186566,5551
3831,195234,2360
3835,106627,33408
3836,65938,11589
3840,95925,26515
3841,99005,11856
3844,98384,10860
3852,234853,20438
3858,173716,14195
3861,191397,10393
3863,209958,8843
3868,95705,37136
3869,102510,37137
3871,46303,3110
3873,59017,11694
3877,88206,9651
3882,204946,1588
3889,144964,12211
3893,171580,10480
3896,202677,1619
3897,181875,786
3910,168629,16
3911,218839,13785
3915,210075,19348
3916,210945,10637
3917,93177,9003
3918,95294,9064
3925,88184,469
3927,60397,2161
3943,215545,24664
3946,208988,10461
3948,212338,1597
3949,180093,641
3950,170691,10687
3952,208874,6521
3955,213790,16888
3959,54387,2134
3967,249462,71
3968,230030,1636
3969,223897,10647
3972,111512,12207
3977,160127,4327
3978,146984,4958
3979,185431,9678
3980,203019,11978
3981,199753,8870
3983,203230,14295
3984,66995,681
3985,74452,11372
3986,216216,8452
3987,186894,10862
3988,170016,8871
3991,211181,10481
3992,213847,10867
3993,180073,10876
3994,217869,9741
3996,190332,146
3997,190374,11849
3998,228750,11983
3999,190865,11678
4002,93748,2609
4005,93428,708
4006,92106,1857
4007,94291,10673
4008,96969,2604
4010,88850,11064
4011,208092,107
4014,241303,392
4015,242423,8859
4016,120917,11688
4017,183659,12509
4018,207201,3981
4019,181536,711
4020,219699,2046
4021,247196,5001
4022,162222,8358
4023,218967,5994
4025,212346,1493
4027,190590,134
4029,120202,21991
4030,219653,10577
4033,146309,11973
4034,181865,1900
4036,189998,10873
4037,93223,26719
4039,83564,15739
4040,101757,15413
4041,84434,2623
4047,107007,10655
4052,218817,9989
4054,206275,9816
4056,237572,5955
4062,95690,11191
4068,186589,16723
4069,209475,2018
4084,92644,96
4085,86960,90
4086,92654,11028
4090,92695,19933
4102,92948,17159
4103,92965,10110
4104,92974,18935
4105,83907,764
4109,93036,15658
4121,93260,2614
4128,93437,1547
4132,93493,10019
4133,93507,11649
4144,118694,843
4148,212985,9740
4149,239948,10878
4153,231775,16300
4155,230838,1921
4158,166276,23685
4159,233142,12138
4161,236493,6073
4167,179626,2749
4178,31742,51802
4203,102005,2453
4205,100140,4587
4210,91474,11454
4211,100486,38718
4214,88000,14052
4215,93857,16889
4220,71771,4985
4223,215750,853
4225,205873,5257
4226,209144,77
4228,125022,10833
4231,244970,12658
4232,227538,10054
4233,246989,10646
4234,236784,2575
4235,245712,55
4238,164334,2043
4239,221027,4133
4241,266860,10991
4246,243155,634
4247,245686,10956
4248,236348,19366
4254,231402,9290
4255,240515,13166
4262,86250,111
4265,132245,10477
4267,203755,2144
4270,209163,1734
4275,85811,849
4280,84917,11307
4291,80319,19494
4299,183790,9476
4304,256408,14268
4306,126029,808
4308,203009,824
4310,213149,676
4321,101587,1406
4322,95082,13554
4326,95647,1632
4327,54047,966
4333,94142,11896
4334,244316,25538
4340,255798,11090
4343,251075,9397
4344,244244,9705
4349,65528,10364
4351,102685,1089
4356,45810,759
4359,48605,10653
4361,84805,9576
4366,230011,10865
4367,146316,1995
4368,240462,10808
4369,232500,9799
4370,212720,644
4372,250224,10691
4378,203119,11826
4380,203632,9301
4383,228786,60670
4386,239395,10992
4387,271027,2140
4388,257106,4248
4396,82136,11286
4406,56217,11697
4427,63227,18988
4437,76786,11906
4446,173840,2114
4447,250494,8835
4448,227445,11371
4450,242193,9517
4452,227005,15745
4464,94606,31052
4465,94608,10868
4467,96764,14506
4474,94715,15592
4477,94744,30502
4487,94889,7520
4489,94898,9602
4498,94963,10651
4499,95031,10141
4508,95243,10130
4509,95253,2617
4519,95489,12144
4526,95687,12120
4544,96101,11966
4545,91949,2605
4546,96163,8740
4553,96256,8337
4558,96320,9493
4564,96794,11352
4571,96928,1648
4587,97257,2210
4591,97289,11828
4616,97722,14621
4621,97778,9494
4623,97815,9942
4638,163025,331
4639,265029,11467
4641,162346,1548
4642,248845,13403
4643,133152,869
4649,243655,2171
4654,98206,10135
4676,98519,22102
4677,98536,6951
4678,98546,11959
4679,98554,2616
4681,98621,249
4700,247638,9880
4701,266915,5175
4713,80360,11542
4718,252866,2770
4719,181739,12610
4720,230600,1933
4728,250687,9896
4732,258470,9683
4734,261392,2294
4735,228333,10016
4741,203166,742
4744,263488,8922
4748,103596,16314
4754,70917,16307
4774,246464,2185
4776,139654,2034
4787,102316,11521
4799,57193,11576
4812,91993,13766
4814,260866,12103
4815,252501,11313
4816,196229,9398
4821,206314,10866
4823,240890,9778
4844,219965,3172
4846,108148,12780
4848,166924,1018
4855,66999,984
4857,67093,14811
4865,120681,768
4866,272020,2100
4867,200027,11091
4873,243017,9081
4874,272152,167
4876,245674,9378
4878,246578,141
4880,264796,11457
4881,243133,10778
4886,198781,585
4887,267804,10796
4889,252503,11088
4890,256380,9889
4896,241527,671
4899,265087,11469
4900,253798,14369
4901,266987,1535
4902,256009,1433
4903,247425,1999
4914,53472,269
4915,83630,16441
4921,24264,39938
4936,80716,3537
4941,80745,3604
4951,100054,10847
4954,54135,299
4958,159273,8007
4963,240772,161
4967,283509,8342
4971,87747,23111
4973,211915,194
4974,277371,11397
4975,259711,1903
4978,259393,9523
4979,265666,9428
4980,101452,1649
4989,278488,8386
4990,268397,12589
4992,35423,11232
4993,120737,120
4994,268995,11086
4995,268978,453
5004,63415,10794
5008,51201,37257
5009,248667,8489
5010,265086,855
5013,280707,5279
5014,277027,10950
5015,285742,1365
5016,120824,6440
5025,273923,11857
5026,237534,6312
5027,99044,11595
5039,82288,848
5040,87078,9610
5047,240468,11891
5048,281373,11888
5049,83511,150
5055,106770,10423
5060,66026,651
5064,245844,11362
5065,265349,2637
5066,281358,10229
5072,293416,9606
5080,240900,20009
5081,188453,2084
5093,233469,9884
5094,246894,11535
5103,108037,11528
5106,275022,17130
5107,251114,10592
5108,251160,8470
5110,247745,39939
5128,238546,11979
5135,265343,480
5139,74174,23479
5146,216651,15999
5151,243736,2752
5152,277434,10590
5159,104254,13225
5171,268695,2135
5218,268380,425
5219,120804,1576
5220,284490,5851
5225,245574,1391
5247,76729,11006
5254,187738,36586
5265,266452,9275
5266,258000,4547
5267,265662,14635
5283,283111,11452
5291,42876,548
5292,76723,11590
5293,264472,1537
5294,264616,12149
5296,253867,11812
5298,219822,441
5299,259446,8346
5303,99892,2565
5308,94137,12154
5309,98966,11630
5312,264935,11892
5313,277296,9334
5316,157583,10491
5319,247586,18079
5323,211443,11470
5325,275309,1282
5329,235737,11468
5339,104466,28384
5349,145487,557
5363,241760,10985
5364,250797,2251
5377,276751,245
5378,121765,1894
5379,247199,4012
5380,278500,9026
5388,278504,320
5400,164184,4614
5401,279493,12277
5418,258463,2501
5419,267913,9637
5420,245562,12100
5421,238924,16857
5434,40823,21635
5444,275847,11544
5445,181689,180
5446,252444,9555
5449,280590,2022
5450,258273,50035
5451,265591,9719
5452,107438,11982
5459,120912,608
5463,253556,6278
5464,257044,4147
5478,271367,8869
5479,267626,8665
5480,243585,10996
5481,295178,818
5500,88286,8764
5501,295427,13908
5502,286106,2675
5504,287717,9488
5505,279113,9962
5507,295701,7451
5508,274309,2750
5524,300532,9266
5528,265459,9357
5530,258153,9296
5540,82186,10323
5541,102059,9595
5548,90966,9941
5553,94025,10859
5568,87507,16806
5570,117883,9299
5572,303714,10611
5573,265808,12770
5574,293662,4108
5577,280760,9685
5582,103924,14361
5585,101821,32685
5608,250258,575
5617,274812,11013
5618,245429,129
5620,256415,11529
5621,290095,10771
5628,281364,2110
5630,289765,9533
5632,280491,4107
5650,86373,12921
5665,211465,7501
5666,292644,1809
5669,310793,1430
5673,272338,8051
5679,298130,565
5690,95327,12477
5693,76666,11009
5747,82432,11646
5782,82949,1672
5784,288477,9645
5785,322802,9012
5791,120679,1360
5792,299117,13441
5796,61452,12208
5803,297181,8427
5804,304669,9021
5810,298203,65
5812,297884,10712
5816,295297,672
5872,246460,36669
5874,293815,10426
5876,258068,8198
5878,287467,64
5881,307479,2103
5882,133240,9016
5900,289848,9932
5902,268126,2757
5903,238380,7299
5909,290329,4241
5941,303933,13497
5942,302640,11852
5943,252076,7303
5944,253754,201
5945,257360,2755
5952,167261,121
5954,307901,1429
5955,168786,13435
5956,217505,3131
5957,313737,2642
5959,272207,11022
5970,102492,4032
5971,96283,8392
5989,264464,640
5991,299658,1574
5992,274558,590
5993,290210,13560
5995,253474,423
6001,85794,262
6003,290538,4912
6006,305711,12090
6014,271668,11078
6016,317248,598
6025,106500,15278
6058,309593,9358
6059,292506,1647
6062,308514,21189
6104,84352,11949
6155,251127,9919
6156,300471,6038
6157,287978,9480
6166,106701,12139
6187,289992,11615
6188,302886,11635
6212,305669,10678
6213,314353,9567
6214,290673,979
6218,286499,455
6238,99699,12157
6242,178868,2671
6250,285531,6171
6264,298814,9341
6266,286788,10735
6281,183649,1817
6283,275277,11299
6287,305224,9506
6290,251736,2662
6294,245803,11817
6296,310281,13370
6297,311289,8326
6299,301727,11516
6301,67800,994
6303,66769,10514
6305,60390,1714
6322,310910,10743
6323,309698,2832
6331,334405,16636
6333,290334,36658
6338,317303,10708
6350,92067,10515
6365,234215,604
6367,309530,10720
6370,283900,1555
6373,315327,310
6377,266543,12
6378,317740,9654
6380,342172,2260
6383,322259,584
6385,298228,1088
6440,101410,290
6460,57427,3009
6461,54428,6643
6482,329028,10152
6484,329717,11375
6502,289043,170
6503,305357,9471
6534,286716,1927
6535,333780,10327
6536,165982,14411
6537,181852,296
6538,324133,302
6539,325980,22
6541,311429,8698
6548,172156,8961
6550,274166,9486
6552,301199,3472
6564,325703,1996
6565,329575,4464
6586,328828,8273
6591,318411,8094
6593,322330,10330
6595,257076,9257
6615,329101,6466
6617,316356,2055
6618,286112,11770
6619,263757,14926
6620,305206,2771
6624,313911,10923
6639,62467,11206
6645,66434,636
6659,100814,9362
6662,57413,936
6663,75066,12268
6664,88944,10999
6666,68361,4593
6669,44741,3782
6686,288045,10610
6702,325258,13778
6707,303816,11547
6708,325805,7270
6709,285823,1428
6711,335266,153
6713,291350,33320
6721,103285,10617
6724,70510,11293
6731,88993,8408
6753,327137,13156
6754,320691,277
6755,281686,9707
6763,266489,7288
6764,327850,10159
6765,328589,10934
6773,286244,9662
6774,86541,837
6777,55031,821
6787,74119,891
6791,92603,11832
6793,103786,11806
6794,106375,10438
6796,101507,650
6807,85959,4543
6810,102945,7442
6811,110759,14425
6820,210070,9871
6832,102768,11364
6857,107692,14282
6863,332379,1584
6867,340377,2056
6868,335563,4997
6870,327056,322
6873,138524,11775
6874,266697,24
6879,313542,11329
6880,324216,9373
6881,311648,1550
6887,316465,13920
6888,306047,4256
6890,363589,1807
6893,64505,10536
6932,323944,13537
6934,242653,605
6936,319343,10719
6942,314331,508
6944,101862,11846
6947,311113,8619
6951,312528,10588
6952,348836,4970
6953,315733,470
6957,307987,10147
6958,338094,10756
6974,99615,10168
6975,119167,10234
6979,86567,860
6985,19254,780
6987,10323,234
6993,91167,5143
6996,102034,8010
7001,77745,11850
7004,99938,951
7007,102266,9319
7008,70849,1643
7013,48424,3112
7018,100404,11092
7022,266308,3176
7027,90022,11509
7028,100449,10729
7034,150662,11634
7036,90142,11824
7044,100935,483
7046,94332,6069
7063,68182,2000
7064,38348,648
7076,62765,916
7090,299977,79
7099,87544,81
7101,101745,11821
7115,73582,20126
7117,107387,11811
7123,102511,2742
7132,26778,37719
7137,318374,10744
7139,298845,10511
7143,325710,616
7147,319061,587
7149,337741,6964
7150,338466,1792
7151,335119,3635
7153,167260,122
7154,304415,11820
7155,337909,8696
7156,317910,12698
7158,315983,11093
7160,340855,504
7161,349205,11007
7162,159365,2289
7163,338337,9620
7164,316396,10601
7169,360139,14844
7173,343135,5966
7234,47528,405
7235,296042,9696
7247,62803,11708
7254,289879,1954
7255,335559,13476
7256,379557,11194
7263,349825,14292
7265,309987,1278
7285,328538,11023
7293,343660,1824
7317,356150,9352
7318,335345,615
7319,331953,11217
7320,338096,10677
7323,301357,338
7324,317648,2023
7325,335438,9384
7327,60827,797
7346,265208,10591
7347,363988,1586
7360,363547,924
7361,338013,38
7366,300051,9541
7367,335245,5516
7371,276919,553
7373,167190,1487
7375,337697,11137
7376,351977,11358
7379,318974,10733
7380,327679,14442
7381,327247,2122
7387,77402,923
7396,70644,133919
7419,88680,10843
7438,378194,393
7439,330793,7220
7444,337563,10096
7445,328107,9509
7451,377092,10625
7454,338526,7131
7458,332452,652
7460,379217,883
7482,70034,9461
7569,62512,667
7570,86034,700
7573,86006,36670
7624,105327,14684
7649,120711,10940
7669,112130,164721
7698,78966,988
7700,46268,204
7701,100050,9356
7757,57197,11533
7802,80120,11474
7845,114720,11069
7934,86637,11030
7980,75784,5902
7981,338564,10775
7983,87003,12762
8014,374546,113
8042,70379,203
8128,92593,1786
8132,104346,16219
8154,53779,439
8157,193253,823
8169,92494,11548
8207,69947,4909
8228,22111,28257
8253,79833,15371
8254,106307,11044
8266,87957,13763
8340,79116,10734
8360,298148,809
8361,319262,435
8366,332375,13193
8368,304141,673
8370,363226,246
8371,296572,2789
8372,356634,8920
8373,327162,9890
8376,374900,8193
8387,110857,11546
8464,390521,9372
8493,100133,12651
8507,22913,136
8528,364725,9472
8529,362227,594
8531,381707,12153
8533,332280,11036
8604,152930,2330
8607,388473,13398
8614,93693,10780
8622,361596,1777
8623,93886,11584
8633,87597,11884
8636,316654,558
8638,381681,80
8640,349683,9477
8641,357413,8699
8643,356470,11247
8644,343818,2048
8645,390221,436
8665,372183,2502
8666,327554,314
8781,368008,14462
8783,368447,6947
8784,333766,401
8796,60438,17768
8798,369339,1538
8807,366551,11282
8808,368933,11130
8810,370263,395
8814,364751,10762
8827,83652,20120
8860,337921,9759
8861,318627,1577
8865,346156,5137
8866,360201,11823
8869,361620,13969
8870,356618,10145
8873,318462,1653
8874,365748,747
8879,71877,4176
8880,89560,11177
8907,307453,10555
8908,349710,11128
8910,356721,1599
8914,390384,14337
8917,372588,3989
8937,390022,13416
8947,391198,1970
8949,375063,9675
8950,361862,4553
8957,387564,176
8958,350258,1677
8961,317705,9806
8965,338348,5255
8966,362269,11184
8968,367479,10589
8969,317198,9801
8970,308644,866
8972,368891,2059
8973,275491,140
8977,346491,1966
8981,376541,2288
8983,385004,9550
8984,349903,163
8985,359013,36648
9010,364517,8424
26084,56262,13671
26131,58946,17295
26133,59026,13187
26152,60153,2661
26242,67023,839
26258,67866,13041
26614,94791,8677
26662,97814,16859
26680,99329,9768
26729,102015,4539
26776,104652,11621
26903,113824,37797
27020,123865,14533
27156,169858,18491
27266,212712,844
27317,235198,11075
27592,310775,4689
27611,314979,206216
27660,328832,55931
27706,339291,11774
27721,344510,2841
27731,347618,15370
27741,351817,12496
27772,364385,11838
27773,364569,670
27788,366627,9667
27801,368909,9316
27803,369702,1913
27808,371246,2539
27815,372824,5528
27821,373926,179
27822,374102,83
27831,375912,4836
27839,377109,10320
27846,379225,11420
27904,405296,3509
27912,418038,13372
30707,405159,70
30749,395169,205
30793,367594,118
30810,362270,421
30812,338751,2567
30816,293508,9833
30822,385267,1901
30825,290002,693
30894,375210,11804
31221,357277,9947
31225,393162,7214
31364,353969,11423
31410,363163,613
31420,398712,8978
31427,382077,11096
31433,372532,6961
31658,347149,4935
31685,386588,8488
31696,360486,561
31878,373074,9470
32011,257516,10012
32017,395699,10022
32019,377471,4551
32029,340163,2026
32031,358082,9928
32291,378947,9688
32296,385307,10040
32587,401792,187
32596,318649,7364
32598,332047,11431
32898,417,775
33004,371724,7453
33085,384806,10065
33145,391304,8976
33154,413845,13020
33158,329774,11679
33162,320661,1495
33164,397065,10066
33166,375679,1640
33437,342258,10027
33493,121766,1895
33495,384642,9981
33615,351283,953
33646,398165,9291
33660,352248,921
33669,403508,9779
33672,355702,9787
33679,356910,787
33794,372784,272
33836,374536,9722
33903,408777,276
34048,407304,74
34072,428803,1667
34150,120667,9738
34162,396269,9522
34319,399201,1635
34323,395584,1696
34332,405325,11459
34334,382992,10048
34338,436078,15258
34405,379786,16320
34437,412019,308
34520,377818,6519
34534,430105,8292
34542,427312,501
35836,405422,6957
35957,421239,11460
36401,355295,4442
36517,387131,1985
36519,388482,9335
36525,425123,9007
36527,377107,9777
36529,399295,1830
36535,404030,340
36708,385690,65215
37380,419706,8814
37382,421054,9923
37384,348333,7553
37386,402022,8202
37720,404032,8643
37727,408790,9315
37729,121164,3933
37731,385002,8923
37733,399146,59
37739,388980,15487
37741,379725,398
37830,385700,647
37857,366780,14517
38038,312004,533
38061,373469,5236
38886,367089,10707
39183,388795,142
39292,433383,3291
39381,421238,16608
39400,432291,791
39414,338427,2610
39435,386140,1656
39444,384680,6963
39446,432348,215
39449,387514,2313
39715,436058,8274
40148,365686,10851
40278,418763,25
40339,371606,9982
40414,424205,11661
40581,433400,10033
40583,365737,231
40629,414387,4348
40732,435625,9392
40815,330373,674
40819,358273,69
40826,294870,1833
41285,416320,116
41566,363771,411
41569,360717,254
41571,397535,1904
41573,356680,9043
41716,365485,9515
41863,419294,8053
41997,408306,612
42002,395251,9899
42004,407265,546
42011,369441,7552
42418,402399,11400
42632,451094,4550
42723,450278,1690
42725,456554,9900
42728,375154,9044
42738,401855,834
43396,412080,9912
43560,396752,11283
43679,414982,9286
43836,383216,12096
43871,408345,9754
43921,404390,7304
43928,370032,9920
43936,450232,2207
44004,427229,6877
44022,438097,950
44191,434409,752
44193,454945,9655
44195,427944,9388
44199,454848,388
44397,454841,9792
44555,405094,582
44665,425210,186
44694,441909,219
44709,437800,13751
44761,393109,9270
44788,493459,16070
44828,439815,9035
44840,437863,9957
44972,362120,4257
44974,424136,2652
45028,420087,9526
45081,384537,588
45186,317919,956
45210,475276,9829
45221,430634,10115
45431,327084,7518
45440,364955,9786
45447,382625,591
45499,376994,36668
45501,452594,9767
45517,317219,920
45662,466909,806
45666,457510,9353
45668,410297,2044
45672,389860,9339
45720,458352,350
45722,383574,58
45726,463034,1819
45728,424345,2295
45730,452637,9697
45732,465624,4474
45880,422720,1887
45928,489037,13508
45950,497116,1781
46322,446059,7549
46335,463985,9615
46530,348150,1452
46578,449059,773
46723,449467,1164
46948,385880,9297
46965,417148,326
46970,415306,9718
46972,477347,1593
46974,469641,1852
46976,420223,1262
47044,430357,82
47099,454921,1402
47122,455967,9293
47200,479884,1948
47423,468489,7859
47518,384793,9788
47610,443543,1491
47629,436697,1165
47640,486551,9988
47644,445990,11652
47950,427969,1249
47997,387808,7512
47999,486358,1776
48043,414993,1381
48082,354899,300
48142,387877,9676
48304,472043,1579
48322,493430,12094
48385,443453,496
48394,457430,1417
48516,407887,1422
48520,424993,9794
48738,455590,1523
48774,206634,9693
48780,482571,1124
48783,418689,3683
48877,489270,214
48982,424095,11619
48997,396171,1427
49272,381061,36557
49274,366548,9836
49278,453467,7551
49286,457939,1581
49396,365830,2179
49530,450259,1372
49649,449010,2486
49651,479143,1246
49822,343737,1247
49824,443489,1125
49932,460829,1730
50068,498380,1251
50442,426883,7457
50601,398808,1265
50685,473308,10758
50794,475394,7516
50872,382932,2062
50912,401711,2266
51077,259324,1250
51080,401997,4169
51084,758766,11172
51086,481369,3594
51255,425112,4638
51412,435705,1738
51540,443706,1949
51575,486946,11199
51662,416449,1271
51709,468492,1255
51834,416508,2977
51931,490204,2355
51935,822854,7485
51939,453556,1273
52241,427470,8270
52245,445934,9955
52281,462322,253768
52287,396555,1267
52319,76584,22311
52328,448134,1272
52435,60345,13377
52458,486822,8271
52604,488120,6145
52722,413300,559
52885,851578,4977
52952,480025,11798
52973,478311,4964
52975,427327,2976
53000,463854,1562
53121,413267,810
53123,907657,5723
53125,449088,285
53129,780571,3432
53322,496806,298
53460,423294,9408
53464,486576,1979
53468,457572,10288
53519,1028528,1991
53894,386032,2359
53953,450385,3021
53972,337978,1571
53993,413099,2698
53996,418279,1858
54001,373889,675
54004,762107,3563
54190,445922,4688
54256,787475,10074
54259,486655,2270
54272,462538,35
54281,423977,8669
54286,440963,2503
54503,829482,8363
54648,293564,5174
54736,431197,4349
54881,923752,13958
54995,1077258,1992
54997,381849,5176
54999,465602,4141
55052,783233,4347
55118,765443,2252
55232,432021,7737
55247,758758,5915
55261,408839,9038
55267,480242,7211
55269,838221,4538
55276,465538,4566
55280,805564,6615
55282,389722,4513
55290,452623,4771
55363,443680,4512
55442,808417,2011
55577,890870,663
55721,861739,7347
55765,765429,4982
55768,389790,5559
55814,401383,2013
55820,477348,6977
55830,799934,4953
55872,426931,5123
55908,756683,13363
55995,442933,2310
56145,884328,5876
56152,461770,4523
56156,465494,1620
56171,385752,2268
56174,480249,6479
56251,471711,7249
56339,464141,6537
56367,467406,7326
56587,825232,7350
56715,477139,13198
56757,408236,13885
56775,465234,6637
56782,469494,7345
56788,472062,6538
56801,758730,440
56805,841046,6575
56921,991178,69315
56941,431308,6023
56949,988595,6557
57274,1038988,8329
57368,1060277,7191
57504,808506,14069
57528,462499,7555
57640,411477,11253
57669,780536,8321
58025,489099,8247
58047,832266,8390
58103,443274,7461
58105,416236,8204
58154,467200,12184
58156,839980,13260
58162,425413,7942
58293,443649,7840
58295,200465,8848
58299,451079,12222
58559,468569,155
58803,478087,8065
58998,800039,9870
59022,481536,13335
59126,815241,13007
59258,871426,8780
59315,371746,1726
59369,936501,8681
59387,460791,14784
59421,1033643,9029
59501,499448,2454
59615,367882,217
59725,1000774,4564
59784,441773,9502
59900,960144,10661
60037,949731,8645
60040,800080,1724
60069,910970,10681
60072,493464,8909
60074,448157,8960
60126,425061,11665
60161,1054485,12889
60397,795421,11631
60487,60550,13353
60514,373051,88751
60684,409459,13183
60756,838283,12133
60766,1155592,14048
60937,859163,1735
60950,497465,5038
61024,910936,10189
61132,942385,7446
61160,1185834,12180
61236,1185616,8885
61240,1139797,13310
61248,452608,10483
61250,852713,12620
61323,887883,4944
62081,1059786,13027
62113,455538,13092
62155,981227,12182
62250,929425,8882
62336,279077,225130
62374,758774,12113
62434,1007028,10358
62644,1063669,7735
62849,1032755,13809
62956,1054486,13253
62999,479952,10527
63062,824747,3580
63072,898367,20766
63082,1010048,12405
63113,830515,10764
63131,430922,15373
63853,455824,6972
63859,397892,13053
63876,1013753,10139
63992,1099212,8966
64030,1129442,13387
64034,914798,14574
64231,450314,13056
64285,1118511,14447
64497,970416,10200
64575,918927,14359
64614,1205489,13223
64620,870111,11499
64622,976051,8055
64716,814314,11321
64839,1125849,12163
64957,421715,4922
64969,1068680,10201
64983,985699,2253
65088,960731,10202
65130,959337,4148
65216,1034303,13813
65230,822832,14306
65261,876563,12429
65514,1220719,14756
65682,834001,12437
65685,494238,2309
65802,1114740,14560
66097,327597,14836
66203,1001508,10184
66297,1054487,15060
66371,1069238,16804
66509,1201167,20829
66785,901487,15067
66934,1227926,14301
67087,1155056,16538
67197,448011,13811
67255,1132620,15472
67408,892782,15512
67734,1091722,16614
67923,1013752,13804
67997,1226774,19833
68073,1131729,18947
68135,974661,16996
68157,361748,16869
68205,1121931,15092
68237,1182345,17431
68319,458525,2080
68358,796366,13475
68554,808151,13448
68659,489049,13532
68791,438488,534
68793,1078912,18360
68952,1127180,16871
68954,1049413,14160
69069,1083456,17927
69122,1119646,18785
69134,870984,17609
69278,457400,18162
69306,1111422,18487
69406,1041829,18240
69436,1045778,17610
69481,887912,12162
69526,1055369,8373
69640,1152836,11322
69644,1080016,8355
69757,1022603,19913
69784,889583,18480
69844,417741,767
69951,1054606,8054
70183,1142988,20943
70286,1136608,17654
70293,1135503,24803
70336,1046173,14869
70599,452694,24420
71033,1305806,25376
71057,472033,12244
71106,910554,22494
71135,1188729,19898
71156,1234548,10313
71254,1034032,18501
71264,844471,22794
71282,1286537,18570
71379,1179904,23827
71464,1019452,12573
71518,1172233,22798
71520,1058017,23082
71530,986263,19959
71535,1156398,19908
71579,1174732,24684
71745,386117,16523
71838,1197624,22803
71899,978762,24238
72011,1193138,22947
72226,432283,10315
72378,1190080,14161
72407,1259571,18239
72605,765010,7445
72641,878804,22881
72733,1057500,22954
72737,780521,10198
72998,499549,19995
73017,988045,10528
73023,1263670,25196
73266,403702,22327
73268,433362,19901
73319,1216492,25195
73321,1037705,20504
73323,1343097,33613
74458,1130884,11324
74530,814255,32657
74532,1385867,23742
74545,1139328,11439
74789,1014759,12155
74795,947810,22972
74868,1235124,23488
74946,815236,34016
75805,1038919,27573
75985,1053424,31867
76077,1231587,23048
76093,892769,10191
76175,800320,18823
76251,1250777,23483
76293,1279935,35056
77455,1587707,39452
77561,1228705,10138
77800,1341167,37495
77866,955308,20662
78039,1120985,46705
78105,473075,9543
78209,1226229,32823
78349,1258197,29917
78469,429493,34544
78499,435761,10193
78574,1399683,39013
78637,892791,10192
78772,1325004,24021
78893,938283,10196
79008,1308667,16023
79057,1424381,34851
79091,1323594,20352
79132,1375666,27205
79134,1375670,38365
79139,963966,27022
79185,1013743,37834
79224,1155076,38575
79242,842926,39781
79293,944835,27576
79357,485947,31011
79428,427152,38778
79553,1386932,37472
79592,1386588,27581
79695,1320253,27578
79702,446029,22538
80166,889573,41210
80219,985694,23631
80363,1220634,35791
80463,1285016,37799
80489,840361,23168
80549,1282140,37735
80693,804497,43923
80831,1228987,41402
80860,1055292,38408
80906,1645089,44639
81156,1116184,16290
81229,1245526,39514
81417,1536044,41436
81537,1231583,41733
81562,1542344,44115
81564,1001526,38055
81591,947798,44214
81782,477080,44048
81784,1126618,38357
81788,1458175,43539
81834,926084,12444
81845,1504320,45269
81847,398286,38757
81932,964517,45317
82167,758752,43347
82169,980970,10140
82202,1243957,37710
82459,1403865,44264
82461,1104001,20526
82852,970866,39451
82854,1320261,38745
83134,1465522,46838
83349,990407,40805
83613,409847,49849
83803,1620446,40619
84152,1219289,51876
84374,1411238,41630
84392,1189340,50348
84601,1401152,48138
84772,1092026,39513
84944,1192628,44896
84954,1385826,38050
85056,1464540,46529
85342,1555149,47931
85367,1564367,50546
85401,1512235,45132
85414,945513,45612
85510,978764,23629
85774,1424432,58496
85780,1701991,110639
85881,1606392,55725
86190,993842,50456
86293,1334512,49012
86298,1436562,46195
86320,1527186,62215
86332,800369,10195
86345,1421373,45523
86347,1190722,30969
86377,927619,24447
86504,405455,167966
86644,1596343,51497
86781,1255953,46738
86833,1478338,55721
86880,1298650,1865
86882,1605783,59436
86911,1411697,45243
87192,1478964,59678
87222,1302011,49444
87232,1270798,49538
87306,1650062,37686
87430,1133985,44912
87483,1396218,58224
87485,1284575,52449
87520,1399103,38356
87529,1240982,38319
87869,1499658,51540
88125,1201607,12445
88129,780504,64690
88140,458339,1771
88163,1570728,50646
88405,1632708,50544
88744,1318514,61791
88785,1488555,49520
88810,1454029,50014
88812,1622547,62206
89087,1657507,62835
89470,1598778,39538
89492,1210166,60308
89745,848228,24428
89753,1340800,49517
89774,1291584,59440
89804,1124035,10316
89864,1306980,40807
89904,1655442,74643
90249,433035,39254
90405,1637688,49530
90439,1615147,50839
90522,1634122,58233
90600,1614989,70670
90647,448694,58423
90746,983193,17578
90866,970179,44826
90890,810913,71880
91077,1033575,65057
91094,1204342,64328
91104,1324999,50619
91128,376136,23514
91323,1366344,57431
91485,1764651,76163
91500,1392170,70160
91529,1345836,49026
91535,1194173,49040
91542,1515091,58574
91630,1229238,56292
91653,1389137,74465
91658,1568346,65754
91974,1496025,52520
91976,1601913,75174
92259,1675434,77338
92420,1706593,76726
92535,2112999,80379
92938,1071875,71676
93270,1636826,57214
93272,1482459,73723
93326,1596350,59962
93363,401729,49529
93510,1232829,64688
93721,1772925,80767
93838,1899353,94329
93840,1259521,22970
94478,1077368,62213
94677,1645170,76493
94777,1409024,41154
94780,1735898,58595
94864,1446714,70981
94953,1655460,50647
94959,1748122,83666
95088,1862079,84332
95105,1277953,80321
95167,1217209,62177
95207,1611224,72331
95441,1637725,72105
95449,1915581,77930
95510,948470,1930
95543,1667889,57800
95558,2125435,84175
95720,1298649,80035
95858,248808,13930
95875,1386703,64635
96079,1074638,37724
96110,1790886,77953
96417,1547234,49526
96588,1981677,114150
96610,1276104,59967
96728,1560747,68722
96737,1343727,49049
96811,1855199,77016
96821,1659337,84892
96829,2106476,103663
96861,1397280,82675
97225,837562,76492
97304,1024648,68734
97306,1931533,86838
97752,1371111,83542
97836,1648179,87826
97913,1772341,82690
97921,1045658,82693
97923,1907668,87502
97938,454876,87827
98124,2313197,123025
98243,1446192,81188
98491,2388725,140420
98585,975645,112336
98809,903624,49051
98961,1790885,97630
99007,1588173,82654
99112,790724,75780
99114,1853728,68718
99117,1758830,89492
99149,1707386,82695
99813,2166834,142061
100163,1428538,60304
100383,2053463,109421
100498,1606378,47964
101025,1351685,81005
101112,1623205,68728
101142,481499,49519
101362,2302755,117263
101525,1817273,97367
101864,1483013,75612
102033,1980209,134374
102123,1245492,109414
102125,1300854,68721
102407,1343092,64682
102445,1408101,54138
102481,2234155,116741
102686,1951261,109439
102716,1905041,82992
102903,1670345,75656
103042,770828,49521
103141,1453405,62211
103228,1663662,68726
103235,1924396,152742
103249,816711,72190
103253,1535108,68724
103335,1690953,93456
103339,2334879,117251
103341,1213663,107985
103372,2404463,136795
103384,1210819,57201
103688,1457767,138843
103772,1430132,76170
103810,1821694,146216
104211,1723121,138832
104218,2191701,109418
104241,1650554,59859
104243,1411250,87421
104374,2194499,122906
104841,1454468,49047
104879,1392214,146233
104913,1979320,96721
105213,2229499,138697
105504,1535109,109424
105844,2024544,76203
106002,1731141,80274
106072,1981115,76338
106100,790636,152532
106487,1951264,101299
106489,1170358,57158
106491,1335975,64686
106642,2779318,253941
106696,2294629,109445
106766,2042568,86829
106782,993846,106646
106916,1800241,168672
106918,359950,116745
106920,1798709,152601
107141,2140373,140823
107348,1229340,109443
107406,1706620,110415
108156,1408253,168530
108190,1840309,157350
108729,2316411,181886
108928,2177771,152760
108932,1490017,137106
108945,1234721,97020
109374,2278388,120467
109487,816692,157336
110102,1843866,100402
110127,1959490,86834
110501,2265171,180299
110553,1872181,102382
110730,2209764,157353
110771,2203939,193610
111113,2004420,195589
111360,2872732,240832
111362,1877832,127585
111364,831387,124905
111617,1086772,232672
111659,1587310,102651
111743,2557490,188161
111759,1631867,137113
111781,2381249,177677
111921,2582846,222935
112138,2294449,187017
112171,455944,156022
112175,1646971,82702
112183,2562232,194662
112290,1065073,85350
112552,2582802,244786
112556,2267998,210577
112623,2103281,119450
112788,1956620,225886
112818,2975578,238636
112852,2015381,118340
113378,435651,227156
113453,1924435,193893
114180,1790864,198663
114662,2179136,190859
114935,2397535,206487
115149,2911666,245891
115210,2713180,228150
115569,2872718,242582
115617,2245084,177572
115713,470752,264660
116797,2084970,205596
116799,1791528,171274
116823,1951265,131631
116897,3011894,265195
117176,2980516,266856
117529,369610,135397
117590,2170439,227159
117851,1911658,270946
117881,3316960,284293
117895,4046784,294254
118696,2310332,122917
118900,2305051,228970
118997,2180411,224141
119141,2788710,228967
119145,2802144,207703
119155,2692250,181533
120466,1823672,198184
120635,2446042,260346
120799,1340138,87101
122882,1392190,76341
122886,2488496,140607
122890,803096,68735
122892,2395427,99861
122896,1790809,166426
122898,974015,141052
122900,478970,102899
122902,1502712,166424
122904,1431045,293660
122906,1825683,284054
122912,4154756,299536
122916,3501632,284053
122918,3896198,283995
122920,3498820,271110
122922,1211837,284052
122924,3385516,246655
122926,2250912,202249
126548,1666801,272693
127198,3850214,308639
127202,2582496,308369
128360,3460252,273248
128520,884732,252838
128620,4226388,320007
129354,2381941,256591
130490,2908446,262500
130520,2224026,228161
130634,2820852,168259
131013,2561572,257091
132046,1964418,158852
133419,2848292,254470
133771,3464902,254320
134130,3659388,286217
134170,3472226,251516
134368,3079380,238713
134393,3152624,271718
134853,2096673,150540
135133,1951266,131634
135137,2120120,257344
135143,3183660,259316
135436,2709768,328111
135536,1386697,297761
135569,2660888,188927
135861,2637276,214756
135887,2293640,211672
136020,2379713,206647
136562,2080374,321697
136598,1524930,296099
136864,2975590,209112
137857,3040964,278927
138036,1638355,203801
138210,4172430,300671
139385,1663202,281957
139642,1798684,307081
139644,3397884,273481
140110,2361509,257211
140174,3170832,264644
140711,3316948,261392
140715,1398426,277216
140928,2446980,274479
142448,2719848,253412
142488,1895587,314365
143355,451279,297762
143385,3682448,296098
143859,475290,270487
146656,3076658,312221
148626,1596363,318846
149352,1528854,274167
149354,1850457,266294
149406,2267968,140300
150548,3845232,370646
152077,1179933,333371
152081,2948356,269149
156609,4438848,325133
157296,2277860,127380
157699,3774114,302401
158238,3799694,290250
158872,1700841,223702
158966,3553976,334533
159093,3110958,291805
159817,795176,192040
160080,1289401,43074
160438,4196776,324668
160563,918940,258489
160980,3263904,363676
161131,2005151,308266
161582,2582782,338766
161634,4160708,300669
162350,2404435,333484
162578,4302938,313297
162606,2140479,302946
163645,2119532,324786
164179,2543164,329865
164909,3783958,313369
165549,4034228,334541
166461,3521164,277834
166528,3748528,330459
166534,4972582,381288
166635,1355644,274870
166643,4846340,381284
167746,4116284,324849
168248,4425200,324552
168250,5052448,419430
168252,3315342,263115
168418,3874544,295693
169984,2316204,126889
170705,185906,331214
171011,5491994,420714
171763,3890160,339403
174055,5013056,374720
175303,1396484,346364
175569,5362988,395834
176101,4649466,343668
176371,1856101,335984
177593,5027774,359940
177765,2380307,354912
179401,2283362,353486
179819,2527336,181808
180031,5580390,399055
180985,1485796,316029
183897,5104604,399174
187593,5463162,383498
187595,3778644,348350
